Method,Job,AnalyzeLaunchVariance,EvaluateOverhead,MaxAbsoluteError,MaxRelativeError,MinInvokeCount,MinIterationTime,OutlierMode,Affinity,EnvironmentVariables,Jit,Platform,PowerPlanMode,Runtime,AllowVeryLargeObjects,Concurrent,CpuGroups,Force,HeapAffinitizeMask,HeapCount,NoAffinitize,RetainVm,Server,Arguments,BuildConfiguration,Clock,EngineFactory,NuGetReferences,Toolchain,IsMutator,InvocationCount,IterationCount,IterationTime,LaunchCount,MaxIterationCount,MaxWarmupIterationCount,MemoryRandomization,MinIterationCount,MinWarmupIterationCount,RunStrategy,UnrollFactor,WarmupCount,id,Mean,Error,StdDev,Allocated
FirstOrDefaultOnIquerayble,DefaultJob,False,Default,Default,Default,Default,Default,Default,0000000000,Empty,RyuJit,Arm64,8c5e7fda-e8bf-4a96-9a85-a6e23a8c635c,.NET 6.0,False,True,False,True,Default,Default,False,False,False,Default,Default,Default,Default,Default,Default,Default,Default,Default,Default,Default,Default,Default,Default,Default,Default,Default,16,Default,0,11.63 ms,0.103 ms,0.092 ms,8.88 MB
FirstOrDefaultOnList,DefaultJob,False,Default,Default,Default,Default,Default,Default,0000000000,Empty,RyuJit,Arm64,8c5e7fda-e8bf-4a96-9a85-a6e23a8c635c,.NET 6.0,False,True,False,True,Default,Default,False,False,False,Default,Default,Default,Default,Default,Default,Default,Default,Default,Default,Default,Default,Default,Default,Default,Default,Default,16,Default,0,12.29 ms,0.125 ms,0.117 ms,9.65 MB
FirstOrDefaultOnIqueraybleAsync,DefaultJob,False,Default,Default,Default,Default,Default,Default,0000000000,Empty,RyuJit,Arm64,8c5e7fda-e8bf-4a96-9a85-a6e23a8c635c,.NET 6.0,False,True,False,True,Default,Default,False,False,False,Default,Default,Default,Default,Default,Default,Default,Default,Default,Default,Default,Default,Default,Default,Default,Default,Default,16,Default,0,11.65 ms,0.049 ms,0.043 ms,8.88 MB
FirstOrDefaultOnListAsync,DefaultJob,False,Default,Default,Default,Default,Default,Default,0000000000,Empty,RyuJit,Arm64,8c5e7fda-e8bf-4a96-9a85-a6e23a8c635c,.NET 6.0,False,True,False,True,Default,Default,False,False,False,Default,Default,Default,Default,Default,Default,Default,Default,Default,Default,Default,Default,Default,Default,Default,Default,Default,16,Default,0,12.33 ms,0.128 ms,0.120 ms,9.65 MB
SingleOrDefaultOnIquerayble,DefaultJob,False,Default,Default,Default,Default,Default,Default,0000000000,Empty,RyuJit,Arm64,8c5e7fda-e8bf-4a96-9a85-a6e23a8c635c,.NET 6.0,False,True,False,True,Default,Default,False,False,False,Default,Default,Default,Default,Default,Default,Default,Default,Default,Default,Default,Default,Default,Default,Default,Default,Default,16,Default,0,11.74 ms,0.128 ms,0.120 ms,8.88 MB
SingleOrDefaultOnList,DefaultJob,False,Default,Default,Default,Default,Default,Default,0000000000,Empty,RyuJit,Arm64,8c5e7fda-e8bf-4a96-9a85-a6e23a8c635c,.NET 6.0,False,True,False,True,Default,Default,False,False,False,Default,Default,Default,Default,Default,Default,Default,Default,Default,Default,Default,Default,Default,Default,Default,Default,Default,16,Default,0,12.52 ms,0.191 ms,0.179 ms,9.65 MB
SingleOrDefaultOnIqueraybleAsync,DefaultJob,False,Default,Default,Default,Default,Default,Default,0000000000,Empty,RyuJit,Arm64,8c5e7fda-e8bf-4a96-9a85-a6e23a8c635c,.NET 6.0,False,True,False,True,Default,Default,False,False,False,Default,Default,Default,Default,Default,Default,Default,Default,Default,Default,Default,Default,Default,Default,Default,Default,Default,16,Default,0,11.69 ms,0.083 ms,0.074 ms,8.88 MB
SingleOrDefaultOnListAsync,DefaultJob,False,Default,Default,Default,Default,Default,Default,0000000000,Empty,RyuJit,Arm64,8c5e7fda-e8bf-4a96-9a85-a6e23a8c635c,.NET 6.0,False,True,False,True,Default,Default,False,False,False,Default,Default,Default,Default,Default,Default,Default,Default,Default,Default,Default,Default,Default,Default,Default,Default,Default,16,Default,0,12.47 ms,0.240 ms,0.236 ms,9.65 MB
FirstOrDefaultOnIquerayble,DefaultJob,False,Default,Default,Default,Default,Default,Default,0000000000,Empty,RyuJit,Arm64,8c5e7fda-e8bf-4a96-9a85-a6e23a8c635c,.NET 6.0,False,True,False,True,Default,Default,False,False,False,Default,Default,Default,Default,Default,Default,Default,Default,Default,Default,Default,Default,Default,Default,Default,Default,Default,16,Default,1,11.69 ms,0.082 ms,0.076 ms,8.88 MB
FirstOrDefaultOnList,DefaultJob,False,Default,Default,Default,Default,Default,Default,0000000000,Empty,RyuJit,Arm64,8c5e7fda-e8bf-4a96-9a85-a6e23a8c635c,.NET 6.0,False,True,False,True,Default,Default,False,False,False,Default,Default,Default,Default,Default,Default,Default,Default,Default,Default,Default,Default,Default,Default,Default,Default,Default,16,Default,1,12.31 ms,0.119 ms,0.111 ms,9.65 MB
FirstOrDefaultOnIqueraybleAsync,DefaultJob,False,Default,Default,Default,Default,Default,Default,0000000000,Empty,RyuJit,Arm64,8c5e7fda-e8bf-4a96-9a85-a6e23a8c635c,.NET 6.0,False,True,False,True,Default,Default,False,False,False,Default,Default,Default,Default,Default,Default,Default,Default,Default,Default,Default,Default,Default,Default,Default,Default,Default,16,Default,1,11.61 ms,0.074 ms,0.065 ms,8.88 MB
FirstOrDefaultOnListAsync,DefaultJob,False,Default,Default,Default,Default,Default,Default,0000000000,Empty,RyuJit,Arm64,8c5e7fda-e8bf-4a96-9a85-a6e23a8c635c,.NET 6.0,False,True,False,True,Default,Default,False,False,False,Default,Default,Default,Default,Default,Default,Default,Default,Default,Default,Default,Default,Default,Default,Default,Default,Default,16,Default,1,12.39 ms,0.124 ms,0.116 ms,9.65 MB
SingleOrDefaultOnIquerayble,DefaultJob,False,Default,Default,Default,Default,Default,Default,0000000000,Empty,RyuJit,Arm64,8c5e7fda-e8bf-4a96-9a85-a6e23a8c635c,.NET 6.0,False,True,False,True,Default,Default,False,False,False,Default,Default,Default,Default,Default,Default,Default,Default,Default,Default,Default,Default,Default,Default,Default,Default,Default,16,Default,1,11.83 ms,0.134 ms,0.119 ms,8.88 MB
SingleOrDefaultOnList,DefaultJob,False,Default,Default,Default,Default,Default,Default,0000000000,Empty,RyuJit,Arm64,8c5e7fda-e8bf-4a96-9a85-a6e23a8c635c,.NET 6.0,False,True,False,True,Default,Default,False,False,False,Default,Default,Default,Default,Default,Default,Default,Default,Default,Default,Default,Default,Default,Default,Default,Default,Default,16,Default,1,12.28 ms,0.128 ms,0.120 ms,9.65 MB
SingleOrDefaultOnIqueraybleAsync,DefaultJob,False,Default,Default,Default,Default,Default,Default,0000000000,Empty,RyuJit,Arm64,8c5e7fda-e8bf-4a96-9a85-a6e23a8c635c,.NET 6.0,False,True,False,True,Default,Default,False,False,False,Default,Default,Default,Default,Default,Default,Default,Default,Default,Default,Default,Default,Default,Default,Default,Default,Default,16,Default,1,11.60 ms,0.069 ms,0.058 ms,8.88 MB
SingleOrDefaultOnListAsync,DefaultJob,False,Default,Default,Default,Default,Default,Default,0000000000,Empty,RyuJit,Arm64,8c5e7fda-e8bf-4a96-9a85-a6e23a8c635c,.NET 6.0,False,True,False,True,Default,Default,False,False,False,Default,Default,Default,Default,Default,Default,Default,Default,Default,Default,Default,Default,Default,Default,Default,Default,Default,16,Default,1,12.27 ms,0.111 ms,0.103 ms,9.65 MB
FirstOrDefaultOnIquerayble,DefaultJob,False,Default,Default,Default,Default,Default,Default,0000000000,Empty,RyuJit,Arm64,8c5e7fda-e8bf-4a96-9a85-a6e23a8c635c,.NET 6.0,False,True,False,True,Default,Default,False,False,False,Default,Default,Default,Default,Default,Default,Default,Default,Default,Default,Default,Default,Default,Default,Default,Default,Default,16,Default,10,11.61 ms,0.076 ms,0.071 ms,8.88 MB
FirstOrDefaultOnList,DefaultJob,False,Default,Default,Default,Default,Default,Default,0000000000,Empty,RyuJit,Arm64,8c5e7fda-e8bf-4a96-9a85-a6e23a8c635c,.NET 6.0,False,True,False,True,Default,Default,False,False,False,Default,Default,Default,Default,Default,Default,Default,Default,Default,Default,Default,Default,Default,Default,Default,Default,Default,16,Default,10,12.23 ms,0.115 ms,0.108 ms,9.65 MB
FirstOrDefaultOnIqueraybleAsync,DefaultJob,False,Default,Default,Default,Default,Default,Default,0000000000,Empty,RyuJit,Arm64,8c5e7fda-e8bf-4a96-9a85-a6e23a8c635c,.NET 6.0,False,True,False,True,Default,Default,False,False,False,Default,Default,Default,Default,Default,Default,Default,Default,Default,Default,Default,Default,Default,Default,Default,Default,Default,16,Default,10,11.65 ms,0.084 ms,0.078 ms,8.88 MB
FirstOrDefaultOnListAsync,DefaultJob,False,Default,Default,Default,Default,Default,Default,0000000000,Empty,RyuJit,Arm64,8c5e7fda-e8bf-4a96-9a85-a6e23a8c635c,.NET 6.0,False,True,False,True,Default,Default,False,False,False,Default,Default,Default,Default,Default,Default,Default,Default,Default,Default,Default,Default,Default,Default,Default,Default,Default,16,Default,10,12.27 ms,0.089 ms,0.083 ms,9.65 MB
SingleOrDefaultOnIquerayble,DefaultJob,False,Default,Default,Default,Default,Default,Default,0000000000,Empty,RyuJit,Arm64,8c5e7fda-e8bf-4a96-9a85-a6e23a8c635c,.NET 6.0,False,True,False,True,Default,Default,False,False,False,Default,Default,Default,Default,Default,Default,Default,Default,Default,Default,Default,Default,Default,Default,Default,Default,Default,16,Default,10,11.60 ms,0.082 ms,0.073 ms,8.88 MB
SingleOrDefaultOnList,DefaultJob,False,Default,Default,Default,Default,Default,Default,0000000000,Empty,RyuJit,Arm64,8c5e7fda-e8bf-4a96-9a85-a6e23a8c635c,.NET 6.0,False,True,False,True,Default,Default,False,False,False,Default,Default,Default,Default,Default,Default,Default,Default,Default,Default,Default,Default,Default,Default,Default,Default,Default,16,Default,10,12.20 ms,0.101 ms,0.094 ms,9.65 MB
SingleOrDefaultOnIqueraybleAsync,DefaultJob,False,Default,Default,Default,Default,Default,Default,0000000000,Empty,RyuJit,Arm64,8c5e7fda-e8bf-4a96-9a85-a6e23a8c635c,.NET 6.0,False,True,False,True,Default,Default,False,False,False,Default,Default,Default,Default,Default,Default,Default,Default,Default,Default,Default,Default,Default,Default,Default,Default,Default,16,Default,10,11.71 ms,0.080 ms,0.075 ms,8.88 MB
SingleOrDefaultOnListAsync,DefaultJob,False,Default,Default,Default,Default,Default,Default,0000000000,Empty,RyuJit,Arm64,8c5e7fda-e8bf-4a96-9a85-a6e23a8c635c,.NET 6.0,False,True,False,True,Default,Default,False,False,False,Default,Default,Default,Default,Default,Default,Default,Default,Default,Default,Default,Default,Default,Default,Default,Default,Default,16,Default,10,12.25 ms,0.103 ms,0.096 ms,9.65 MB
FirstOrDefaultOnIquerayble,DefaultJob,False,Default,Default,Default,Default,Default,Default,0000000000,Empty,RyuJit,Arm64,8c5e7fda-e8bf-4a96-9a85-a6e23a8c635c,.NET 6.0,False,True,False,True,Default,Default,False,False,False,Default,Default,Default,Default,Default,Default,Default,Default,Default,Default,Default,Default,Default,Default,Default,Default,Default,16,Default,100,11.73 ms,0.127 ms,0.119 ms,8.88 MB
FirstOrDefaultOnList,DefaultJob,False,Default,Default,Default,Default,Default,Default,0000000000,Empty,RyuJit,Arm64,8c5e7fda-e8bf-4a96-9a85-a6e23a8c635c,.NET 6.0,False,True,False,True,Default,Default,False,False,False,Default,Default,Default,Default,Default,Default,Default,Default,Default,Default,Default,Default,Default,Default,Default,Default,Default,16,Default,100,12.31 ms,0.105 ms,0.093 ms,9.65 MB
FirstOrDefaultOnIqueraybleAsync,DefaultJob,False,Default,Default,Default,Default,Default,Default,0000000000,Empty,RyuJit,Arm64,8c5e7fda-e8bf-4a96-9a85-a6e23a8c635c,.NET 6.0,False,True,False,True,Default,Default,False,False,False,Default,Default,Default,Default,Default,Default,Default,Default,Default,Default,Default,Default,Default,Default,Default,Default,Default,16,Default,100,11.68 ms,0.133 ms,0.125 ms,8.88 MB
FirstOrDefaultOnListAsync,DefaultJob,False,Default,Default,Default,Default,Default,Default,0000000000,Empty,RyuJit,Arm64,8c5e7fda-e8bf-4a96-9a85-a6e23a8c635c,.NET 6.0,False,True,False,True,Default,Default,False,False,False,Default,Default,Default,Default,Default,Default,Default,Default,Default,Default,Default,Default,Default,Default,Default,Default,Default,16,Default,100,12.35 ms,0.096 ms,0.090 ms,9.65 MB
SingleOrDefaultOnIquerayble,DefaultJob,False,Default,Default,Default,Default,Default,Default,0000000000,Empty,RyuJit,Arm64,8c5e7fda-e8bf-4a96-9a85-a6e23a8c635c,.NET 6.0,False,True,False,True,Default,Default,False,False,False,Default,Default,Default,Default,Default,Default,Default,Default,Default,Default,Default,Default,Default,Default,Default,Default,Default,16,Default,100,11.58 ms,0.123 ms,0.115 ms,8.88 MB
SingleOrDefaultOnList,DefaultJob,False,Default,Default,Default,Default,Default,Default,0000000000,Empty,RyuJit,Arm64,8c5e7fda-e8bf-4a96-9a85-a6e23a8c635c,.NET 6.0,False,True,False,True,Default,Default,False,False,False,Default,Default,Default,Default,Default,Default,Default,Default,Default,Default,Default,Default,Default,Default,Default,Default,Default,16,Default,100,12.24 ms,0.088 ms,0.078 ms,9.65 MB
SingleOrDefaultOnIqueraybleAsync,DefaultJob,False,Default,Default,Default,Default,Default,Default,0000000000,Empty,RyuJit,Arm64,8c5e7fda-e8bf-4a96-9a85-a6e23a8c635c,.NET 6.0,False,True,False,True,Default,Default,False,False,False,Default,Default,Default,Default,Default,Default,Default,Default,Default,Default,Default,Default,Default,Default,Default,Default,Default,16,Default,100,11.66 ms,0.098 ms,0.087 ms,8.88 MB
SingleOrDefaultOnListAsync,DefaultJob,False,Default,Default,Default,Default,Default,Default,0000000000,Empty,RyuJit,Arm64,8c5e7fda-e8bf-4a96-9a85-a6e23a8c635c,.NET 6.0,False,True,False,True,Default,Default,False,False,False,Default,Default,Default,Default,Default,Default,Default,Default,Default,Default,Default,Default,Default,Default,Default,Default,Default,16,Default,100,12.33 ms,0.084 ms,0.079 ms,9.65 MB
FirstOrDefaultOnIquerayble,DefaultJob,False,Default,Default,Default,Default,Default,Default,0000000000,Empty,RyuJit,Arm64,8c5e7fda-e8bf-4a96-9a85-a6e23a8c635c,.NET 6.0,False,True,False,True,Default,Default,False,False,False,Default,Default,Default,Default,Default,Default,Default,Default,Default,Default,Default,Default,Default,Default,Default,Default,Default,16,Default,500,11.57 ms,0.083 ms,0.074 ms,8.88 MB
FirstOrDefaultOnList,DefaultJob,False,Default,Default,Default,Default,Default,Default,0000000000,Empty,RyuJit,Arm64,8c5e7fda-e8bf-4a96-9a85-a6e23a8c635c,.NET 6.0,False,True,False,True,Default,Default,False,False,False,Default,Default,Default,Default,Default,Default,Default,Default,Default,Default,Default,Default,Default,Default,Default,Default,Default,16,Default,500,12.30 ms,0.089 ms,0.083 ms,9.65 MB
FirstOrDefaultOnIqueraybleAsync,DefaultJob,False,Default,Default,Default,Default,Default,Default,0000000000,Empty,RyuJit,Arm64,8c5e7fda-e8bf-4a96-9a85-a6e23a8c635c,.NET 6.0,False,True,False,True,Default,Default,False,False,False,Default,Default,Default,Default,Default,Default,Default,Default,Default,Default,Default,Default,Default,Default,Default,Default,Default,16,Default,500,11.63 ms,0.037 ms,0.031 ms,8.88 MB
FirstOrDefaultOnListAsync,DefaultJob,False,Default,Default,Default,Default,Default,Default,0000000000,Empty,RyuJit,Arm64,8c5e7fda-e8bf-4a96-9a85-a6e23a8c635c,.NET 6.0,False,True,False,True,Default,Default,False,False,False,Default,Default,Default,Default,Default,Default,Default,Default,Default,Default,Default,Default,Default,Default,Default,Default,Default,16,Default,500,12.30 ms,0.186 ms,0.174 ms,9.65 MB
SingleOrDefaultOnIquerayble,DefaultJob,False,Default,Default,Default,Default,Default,Default,0000000000,Empty,RyuJit,Arm64,8c5e7fda-e8bf-4a96-9a85-a6e23a8c635c,.NET 6.0,False,True,False,True,Default,Default,False,False,False,Default,Default,Default,Default,Default,Default,Default,Default,Default,Default,Default,Default,Default,Default,Default,Default,Default,16,Default,500,11.65 ms,0.098 ms,0.091 ms,8.88 MB
SingleOrDefaultOnList,DefaultJob,False,Default,Default,Default,Default,Default,Default,0000000000,Empty,RyuJit,Arm64,8c5e7fda-e8bf-4a96-9a85-a6e23a8c635c,.NET 6.0,False,True,False,True,Default,Default,False,False,False,Default,Default,Default,Default,Default,Default,Default,Default,Default,Default,Default,Default,Default,Default,Default,Default,Default,16,Default,500,12.25 ms,0.079 ms,0.070 ms,9.65 MB
SingleOrDefaultOnIqueraybleAsync,DefaultJob,False,Default,Default,Default,Default,Default,Default,0000000000,Empty,RyuJit,Arm64,8c5e7fda-e8bf-4a96-9a85-a6e23a8c635c,.NET 6.0,False,True,False,True,Default,Default,False,False,False,Default,Default,Default,Default,Default,Default,Default,Default,Default,Default,Default,Default,Default,Default,Default,Default,Default,16,Default,500,11.69 ms,0.091 ms,0.085 ms,8.88 MB
SingleOrDefaultOnListAsync,DefaultJob,False,Default,Default,Default,Default,Default,Default,0000000000,Empty,RyuJit,Arm64,8c5e7fda-e8bf-4a96-9a85-a6e23a8c635c,.NET 6.0,False,True,False,True,Default,Default,False,False,False,Default,Default,Default,Default,Default,Default,Default,Default,Default,Default,Default,Default,Default,Default,Default,Default,Default,16,Default,500,12.24 ms,0.082 ms,0.073 ms,9.65 MB
FirstOrDefaultOnIquerayble,DefaultJob,False,Default,Default,Default,Default,Default,Default,0000000000,Empty,RyuJit,Arm64,8c5e7fda-e8bf-4a96-9a85-a6e23a8c635c,.NET 6.0,False,True,False,True,Default,Default,False,False,False,Default,Default,Default,Default,Default,Default,Default,Default,Default,Default,Default,Default,Default,Default,Default,Default,Default,16,Default,1999,11.65 ms,0.125 ms,0.111 ms,8.88 MB
FirstOrDefaultOnList,DefaultJob,False,Default,Default,Default,Default,Default,Default,0000000000,Empty,RyuJit,Arm64,8c5e7fda-e8bf-4a96-9a85-a6e23a8c635c,.NET 6.0,False,True,False,True,Default,Default,False,False,False,Default,Default,Default,Default,Default,Default,Default,Default,Default,Default,Default,Default,Default,Default,Default,Default,Default,16,Default,1999,12.23 ms,0.095 ms,0.089 ms,9.65 MB
FirstOrDefaultOnIqueraybleAsync,DefaultJob,False,Default,Default,Default,Default,Default,Default,0000000000,Empty,RyuJit,Arm64,8c5e7fda-e8bf-4a96-9a85-a6e23a8c635c,.NET 6.0,False,True,False,True,Default,Default,False,False,False,Default,Default,Default,Default,Default,Default,Default,Default,Default,Default,Default,Default,Default,Default,Default,Default,Default,16,Default,1999,11.62 ms,0.075 ms,0.070 ms,8.88 MB
FirstOrDefaultOnListAsync,DefaultJob,False,Default,Default,Default,Default,Default,Default,0000000000,Empty,RyuJit,Arm64,8c5e7fda-e8bf-4a96-9a85-a6e23a8c635c,.NET 6.0,False,True,False,True,Default,Default,False,False,False,Default,Default,Default,Default,Default,Default,Default,Default,Default,Default,Default,Default,Default,Default,Default,Default,Default,16,Default,1999,12.30 ms,0.066 ms,0.058 ms,9.65 MB
SingleOrDefaultOnIquerayble,DefaultJob,False,Default,Default,Default,Default,Default,Default,0000000000,Empty,RyuJit,Arm64,8c5e7fda-e8bf-4a96-9a85-a6e23a8c635c,.NET 6.0,False,True,False,True,Default,Default,False,False,False,Default,Default,Default,Default,Default,Default,Default,Default,Default,Default,Default,Default,Default,Default,Default,Default,Default,16,Default,1999,11.71 ms,0.079 ms,0.070 ms,8.88 MB
SingleOrDefaultOnList,DefaultJob,False,Default,Default,Default,Default,Default,Default,0000000000,Empty,RyuJit,Arm64,8c5e7fda-e8bf-4a96-9a85-a6e23a8c635c,.NET 6.0,False,True,False,True,Default,Default,False,False,False,Default,Default,Default,Default,Default,Default,Default,Default,Default,Default,Default,Default,Default,Default,Default,Default,Default,16,Default,1999,12.38 ms,0.105 ms,0.098 ms,9.65 MB
SingleOrDefaultOnIqueraybleAsync,DefaultJob,False,Default,Default,Default,Default,Default,Default,0000000000,Empty,RyuJit,Arm64,8c5e7fda-e8bf-4a96-9a85-a6e23a8c635c,.NET 6.0,False,True,False,True,Default,Default,False,False,False,Default,Default,Default,Default,Default,Default,Default,Default,Default,Default,Default,Default,Default,Default,Default,Default,Default,16,Default,1999,11.88 ms,0.076 ms,0.071 ms,8.88 MB
SingleOrDefaultOnListAsync,DefaultJob,False,Default,Default,Default,Default,Default,Default,0000000000,Empty,RyuJit,Arm64,8c5e7fda-e8bf-4a96-9a85-a6e23a8c635c,.NET 6.0,False,True,False,True,Default,Default,False,False,False,Default,Default,Default,Default,Default,Default,Default,Default,Default,Default,Default,Default,Default,Default,Default,Default,Default,16,Default,1999,12.24 ms,0.106 ms,0.099 ms,9.65 MB
